{
  "iterations": [
    0,
    100,
    200
  ],
  "losses": [
    2.0793967247009277,
    0.9593772888183594,
    0.3741532564163208
  ],
  "accuracies": [
    0.3199999928474426,
    0.37254902720451355,
    0.8571429252624512
  ]
}