{
  "model_type": "Real HierarchicalReasoningModel_ACTV1",
  "training_config": {
    "max_iterations": 500000,
    "batch_size": 16,
    "gradient_accumulation_steps": 4,
    "validation_every": 1000,
    "grokking_threshold": 0.9,
    "noise_tolerance": 0.05,
    "early_stopping_patience": 50000,
    "learning_rate": 2e-05,
    "gradient_clip": 0.5,
    "min_iterations_before_grokking": 20000,
    "min_clean_accuracy": 0.8
  },
  "training_history": {
    "iteration": [
      0,
      1000,
      2000,
      3000,
      4000,
      5000,
      6000,
      7000,
      8000,
      9000,
      10000,
      11000,
      12000,
      13000,
      14000,
      15000,
      16000,
      17000,
      18000,
      19000,
      20000,
      21000,
      22000,
      23000,
      24000,
      25000,
      26000,
      27000,
      28000,
      29000,
      30000,
      31000
    ],
    "clean_accuracy": [
      0.125,
      0.875,
      0.5,
      0.75,
      0.75,
      0.75,
      0.875,
      0.875,
      0.625,
      0.75,
      0.875,
      0.625,
      0.75,
      0.875,
      0.875,
      0.75,
      0.5,
      0.75,
      0.625,
      0.625,
      0.75,
      0.75,
      0.75,
      1.0,
      0.625,
      0.875,
      0.75,
      0.75,
      0.75,
      0.625,
      1.0,
      0.875
    ],
    "noisy_accuracy": [
      0.125,
      0.9375,
      0.5,
      0.875,
      0.75,
      0.8125,
      0.6875,
      0.5625,
      0.75,
      0.625,
      0.9375,
      0.75,
      0.75,
      0.625,
      0.6875,
      0.75,
      0.75,
      0.8125,
      0.875,
      0.625,
      0.875,
      0.875,
      0.875,
      0.75,
      0.8125,
      0.6875,
      0.9375,
      0.9375,
      0.875,
      0.8125,
      0.625,
      0.875
    ],
    "generalization_gap": [
      0.0,
      -0.0625,
      0.0,
      -0.125,
      0.0,
      -0.0625,
      0.1875,
      0.3125,
      -0.125,
      0.125,
      -0.0625,
      -0.125,
      0.0,
      0.25,
      0.1875,
      0.0,
      -0.25,
      -0.0625,
      -0.25,
      0.0,
      -0.125,
      -0.125,
      -0.125,
      0.25,
      -0.1875,
      0.1875,
      -0.1875,
      -0.1875,
      -0.125,
      -0.1875,
      0.375,
      0.0
    ],
    "grokking_score": [
      0.0,
      1.0714285714285714,
      0.0,
      1.1666666666666667,
      1.0,
      1.0833333333333333,
      0.7857142857142857,
      0.6428571428571429,
      1.2,
      0.8333333333333334,
      1.0714285714285714,
      1.2,
      1.0,
      0.7142857142857143,
      0.7857142857142857,
      1.0,
      0.0,
      1.0833333333333333,
      1.4,
      1.0,
      1.1666666666666667,
      1.1666666666666667,
      1.1666666666666667,
      0.75,
      1.3,
      0.7857142857142857,
      1.25,
      1.25,
      1.1666666666666667,
      1.3,
      0.625,
      1.0
    ],
    "loss": [
      2.1186022758483887,
      1.3365248441696167,
      1.774009346961975,
      1.3990103006362915,
      1.461510181427002,
      1.3990099430084229,
      1.4615094661712646,
      1.4615092277526855,
      1.5865092277526855,
      1.4615094661712646,
      1.5240092277526855,
      1.5865092277526855,
      1.4615089893341064,
      1.5865092277526855,
      1.5240092277526855,
      1.461509108543396,
      1.4615092277526855,
      1.4615089893341064,
      1.3990092277526855,
      1.399009108543396,
      1.4615089893341064,
      1.4615089893341064,
      1.4615089893341064,
      1.5240092277526855,
      1.336509108543396,
      1.4615089893341064,
      1.6490089893341064,
      1.461509108543396,
      1.5865089893341064,
      1.6490089893341064,
      1.3990089893341064,
      1.5865089893341064
    ]
  },
  "data_generation_stats": {
    "total_generated": 496528,
    "base_scenarios": 8,
    "noise_features": 10
  },
  "final_grokking_score": 1.0,
  "model_parameters": 156502027
}