{
  "mean": [
    100575.984375,
    -0.004397433716803789,
    -0.016927188262343407,
    1.0096815824508667,
    0.44086548686027527,
    0.26365721225738525,
    5028.79736328125,
    0.9932880401611328,
    0.029289696365594864,
    0.9644893407821655
  ],
  "std": [
    220719.5625,
    0.03937976807355881,
    0.08152686804533005,
    0.27085980772972107,
    0.224197655916214,
    0.060440607368946075,
    11035.9794921875,
    0.029252035543322563,
    0.019684266299009323,
    0.07712360471487045
  ],
  "feature_names": [
    "vix",
    "spy_returns_5d",
    "spy_returns_20d",
    "volume_ratio",
    "market_breadth",
    "correlation",
    "put_call_ratio",
    "gini_coefficient",
    "sector_dispersion",
    "signal_quality"
  ]
}